{"mean": 14884.839507503895, "std": 19839.611653445285, "min_val": 7355.122343719006, "max_val": 882313.9469604492}