{"mean": 41.0837643869435, "std": 1.5489021669993546, "min_val": 38.66589901096201, "max_val": 59.456231442840696}