{"mean": 3721.209876875957, "std": 2501.8860655478925, "min_val": 760.1505595445633, "max_val": 696440.5570678711}