{"mean": 35.39064816791299, "std": 1.458929616344583, "min_val": 28.808996195222445, "max_val": 58.428840542286125}