{"mean": 14884.839507503912, "std": 43694.169708234964, "min_val": 1054.944586366415, "max_val": 10364289.944335938}