{"mean": 40.81044481161568, "std": 1.8569507097348381, "min_val": 30.23229647816331, "max_val": 70.15539554011181}